,City Name,Country Code,Latitude,Longitude,Temperature (F),Humidity (%),Cloudiness (%),Wind Speed (mph)
0,punta arenas,cl,-53.16,-70.91,46.4,100.0,75.0,26.4
1,isangel,vu,-19.55,169.27,80.36,100.0,68.0,10.18
2,biak,id,-0.91,122.88,74.78,100.0,80.0,2.57
3,kapaa,us,22.08,-159.32,71.6,94.0,90.0,11.41
4,ushuaia,ar,-54.81,-68.31,41.0,80.0,75.0,20.8
5,neulengbach,at,48.2,15.91,27.55,73.0,90.0,10.29
6,mataura,pf,-46.19,168.86,66.05,64.0,100.0,17.0
7,chokurdakh,ru,70.62,147.9,-36.29,72.0,8.0,3.13
9,clyde river,ca,70.47,-68.59,-13.01,69.0,40.0,16.11
10,hilo,us,19.71,-155.08,75.2,78.0,75.0,8.05
11,albany,au,42.65,-73.75,27.03,30.0,20.0,16.11
12,hithadhoo,mv,-0.6,73.08,85.22,98.0,88.0,8.61
13,halifax,ca,44.65,-63.58,26.6,45.0,20.0,16.11
14,carballo,es,43.21,-8.69,46.33,81.0,40.0,8.05
17,vaini,to,15.34,74.49,66.59,91.0,8.0,2.13
18,margate,za,-43.03,147.26,64.4,55.0,40.0,26.4
19,atuona,pf,-9.8,-139.03,82.34,98.0,56.0,19.24
20,fort smith,us,35.39,-94.42,66.2,45.0,40.0,8.05
22,dzerzhinsk,ru,56.24,43.46,10.4,66.0,0.0,4.47
24,rikitea,pf,-23.12,-134.97,80.0,100.0,56.0,14.32
25,bathsheba,bb,13.22,-59.52,82.4,65.0,40.0,12.75
26,longyearbyen,sj,78.22,15.63,14.0,61.0,40.0,26.4
27,souillac,mu,45.6,-0.6,43.59,70.0,0.0,9.17
28,princeton,ca,41.37,-89.46,51.8,34.0,1.0,3.36
29,lompoc,us,34.64,-120.46,57.24,58.0,1.0,11.41
30,turukhansk,ru,65.8,87.96,8.27,80.0,92.0,6.49
31,somerset,us,37.09,-84.6,55.36,54.0,90.0,3.36
33,mayo,ca,63.59,-135.9,28.4,74.0,75.0,2.24
34,severnyy-kospashskiy,ru,59.09,57.8,1.79,76.0,76.0,14.65
35,nikolskoye,ru,59.7,30.79,32.0,91.0,20.0,11.18
36,busselton,au,-33.64,115.35,60.74,100.0,0.0,13.2
37,jamestown,sh,-33.21,138.6,44.09,82.0,0.0,4.14
38,bonthe,sl,7.53,-12.5,80.36,82.0,48.0,5.14
39,bud,no,62.91,6.91,36.21,80.0,75.0,27.51
40,sakaiminato,jp,35.55,133.23,51.8,87.0,90.0,1.12
41,castro,cl,-42.48,-73.76,54.44,92.0,92.0,6.38
44,kamenka,ru,53.19,44.05,-4.25,65.0,0.0,6.38
45,luan,cn,46.36,6.98,40.42,70.0,88.0,4.7
47,kruisfontein,za,-34.0,24.73,63.62,92.0,0.0,10.96
49,khatanga,ru,71.98,102.47,-11.27,74.0,56.0,15.99
50,arraial do cabo,br,-22.97,-42.02,84.87,74.0,0.0,11.41
51,manokwari,id,-0.87,134.08,80.09,100.0,32.0,5.26
53,qaanaaq,gl,77.48,-69.36,-17.12,98.0,0.0,7.05
54,puerto ayora,ec,-0.74,-90.35,86.0,62.0,20.0,13.87
55,guerrero negro,mx,27.97,-114.04,68.84,46.0,24.0,11.74
56,hualmay,pe,-11.1,-77.61,76.04,64.0,0.0,4.14
57,thunder bay,ca,48.41,-89.26,26.6,68.0,90.0,8.05
58,bredasdorp,za,-34.53,20.04,64.4,88.0,88.0,3.36
59,lebu,cl,8.96,38.73,59.0,72.0,75.0,9.17
60,bluff,nz,-23.58,149.07,72.44,90.0,24.0,3.02
61,shingu,jp,33.72,135.99,58.76,97.0,92.0,7.72
62,lima,pe,-12.06,-77.04,71.45,63.0,0.0,2.68
63,arlit,ne,18.74,7.39,74.42,19.0,0.0,8.84
64,sabinas hidalgo,mx,26.51,-100.18,87.56,33.0,0.0,5.7
65,port hardy,ca,50.7,-127.42,44.6,81.0,40.0,5.82
66,ajdabiya,ly,30.75,20.22,54.89,87.0,0.0,6.82
67,ostrovnoy,ru,68.05,39.51,14.21,86.0,80.0,13.87
68,namibe,ao,-15.19,12.15,77.21,100.0,76.0,8.72
69,coquimbo,cl,-29.95,-71.34,69.8,60.0,0.0,13.87
70,thompson,ca,55.74,-97.86,10.4,32.0,75.0,3.36
71,podporozhye,ru,60.91,34.16,28.61,87.0,64.0,15.77
72,airai,pw,-8.93,125.41,67.49,91.0,12.0,1.12
73,saint-pierre,pm,48.95,4.24,28.4,86.0,90.0,13.87
74,pasighat,in,28.06,95.33,50.39,90.0,0.0,2.57
75,putina,pe,-14.91,-69.87,59.0,58.0,40.0,12.75
76,barrow,us,-38.31,-60.23,56.96,100.0,92.0,16.11
77,aklavik,ca,68.22,-135.01,-5.81,70.0,75.0,2.24
78,tarime,tz,-1.35,34.38,67.04,100.0,12.0,2.91
79,polyarnyy,ru,69.2,33.45,19.4,73.0,0.0,8.95
80,flinders,au,-34.58,150.85,60.8,93.0,40.0,5.93
81,manggar,id,-2.88,108.27,73.97,100.0,0.0,1.9
82,hofn,is,64.25,-15.21,40.22,89.0,8.0,11.07
83,saldanha,za,41.42,-6.55,39.68,77.0,8.0,7.94
84,beira,mz,43.2,-8.36,46.29,81.0,40.0,8.05
85,kanungu,ug,-0.9,29.78,59.03,100.0,48.0,2.91
86,half moon bay,us,37.46,-122.43,53.24,71.0,1.0,9.17
87,paamiut,gl,61.99,-49.67,35.36,81.0,56.0,12.19
89,meulaboh,id,4.14,96.13,80.18,100.0,56.0,4.14
90,avarua,ck,-21.21,-159.78,82.4,78.0,40.0,8.05
91,port elizabeth,za,39.31,-74.98,49.3,31.0,1.0,11.41
92,kubrat,bg,43.8,26.5,33.74,98.0,80.0,13.42
93,amahai,id,-3.31,129,80.9,100.0,36.0,4.36
94,saint-philippe,re,45.36,-73.48,18.93,29.0,1.0,4.7
95,la cruz,mx,23.92,-106.89,90.44,26.0,0.0,5.7
96,avera,pf,33.19,-82.53,78.76,19.0,1.0,10.29
97,bontang,id,0.12,117.47,80.09,100.0,56.0,1.9
98,san patricio,mx,-26.98,-56.83,94.67,45.0,0.0,8.39
99,dunedin,nz,-45.87,170.5,59.48,77.0,48.0,8.5
100,varhaug,no,58.61,5.65,32.0,100.0,0.0,6.93
101,hurricane,us,37.18,-113.29,45.25,64.0,1.0,3.36
102,husavik,is,50.56,-96.99,33.38,99.0,88.0,8.95
103,kendal,gb,-6.92,110.2,69.56,100.0,32.0,2.57
104,kahului,us,20.89,-156.47,72.77,100.0,75.0,10.29
105,mar del plata,ar,-46.43,-67.52,67.22,41.0,68.0,29.75
106,dunmore town,bs,25.5,-76.65,74.51,100.0,36.0,8.95
107,tulun,ru,54.56,100.58,16.46,78.0,12.0,3.13
108,yumen,cn,40.29,97.04,39.23,67.0,44.0,10.96
109,puerto leguizamo,co,-0.19,-74.78,89.09,59.0,20.0,3.36
110,carnarvon,au,-30.97,22.13,52.1,17.0,0.0,5.7
111,dzhebariki-khaya,ru,62.22,135.8,-19.55,56.0,56.0,2.68
112,tasiilaq,gl,65.61,-37.64,33.8,80.0,92.0,26.4
113,port augusta,au,-32.49,137.76,51.8,76.0,0.0,6.93
114,quatre cocos,mu,-20.21,57.76,80.6,88.0,40.0,13.87
115,la ronge,ca,55.1,-105.3,12.2,61.0,75.0,11.41
116,watsa,cd,3.04,29.53,65.96,99.0,88.0,4.92
117,georgetown,sh,6.8,-58.16,86.0,55.0,20.0,9.17
118,khandyga,ru,62.65,135.58,-19.55,56.0,56.0,2.68
119,cabo san lucas,mx,22.89,-109.91,80.8,39.0,5.0,5.82
121,new norfolk,au,-42.78,147.06,64.4,55.0,40.0,26.4
122,qandala,so,11.47,49.87,62.63,93.0,0.0,2.13
123,dwarka,in,28.58,77.04,73.4,43.0,24.0,4.92
124,nizip,tr,37.01,37.79,50.0,76.0,0.0,2.24
125,ribeira grande,pt,38.52,-28.7,62.81,97.0,20.0,10.07
126,leningradskiy,ru,69.38,178.42,-7.4,93.0,68.0,4.59
127,okhtyrka,ua,50.31,34.89,10.7,79.0,88.0,14.43
128,anamur,tr,36.08,32.84,59.48,83.0,68.0,7.27
129,ust-nera,ru,64.57,143.24,-25.94,35.0,32.0,2.24
130,hobart,au,-42.88,147.33,64.4,55.0,40.0,26.4
131,kholmsk,ru,47.05,142.05,32.0,84.0,75.0,8.95
132,farafangana,mg,-22.82,47.83,75.05,100.0,100.0,19.69
133,luderitz,na,-26.65,15.16,60.8,87.0,0.0,16.11
134,dikson,ru,73.51,80.55,-5.96,100.0,48.0,34.78
135,palmer,us,-34.85,139.16,64.4,63.0,75.0,14.99
136,kodiak,us,39.95,-94.76,42.8,75.0,90.0,4.7
137,east london,za,-33.02,27.91,74.42,93.0,0.0,17.56
138,kalianget,id,-7.35,109.91,65.42,92.0,12.0,1.12
139,ahipara,nz,-35.17,173.16,69.38,88.0,36.0,12.86
140,san carlos de bariloche,ar,-41.13,-71.31,53.6,54.0,40.0,21.92
141,aktau,kz,43.65,51.16,46.4,100.0,90.0,13.42
142,port shepstone,za,-30.74,30.45,73.07,92.0,36.0,17.67
143,norman wells,ca,65.28,-126.83,14.0,85.0,90.0,5.82
144,mardin,tr,37.32,40.72,55.4,50.0,56.0,8.05
145,jalu,ly,29.03,21.55,63.08,37.0,0.0,9.73
146,arani,bo,13.33,80.08,80.6,78.0,20.0,3.36
147,tiksi,ru,71.64,128.87,-42.23,0.0,12.0,2.8
148,portland,au,45.52,-122.67,48.69,61.0,90.0,3.36
149,severo-kurilsk,ru,50.68,156.12,23.03,100.0,0.0,6.93
150,kikwit,cd,-5.04,18.82,76.04,77.0,48.0,9.95
151,pendleton,us,34.65,-82.78,72.19,33.0,1.0,4.7
152,damietta,eg,31.42,31.81,59.12,79.0,0.0,4.14
153,tiarei,pf,-17.53,-149.33,84.2,70.0,75.0,4.7
155,pevek,ru,69.7,170.27,-19.73,100.0,24.0,8.95
156,mumford,gh,5.26,-0.76,80.36,84.0,0.0,11.97
157,champasak,la,14.89,105.88,71.45,92.0,0.0,1.12
159,longfeng,cn,31.05,103.87,57.2,93.0,0.0,4.47
160,cape town,za,-33.93,18.42,66.2,88.0,0.0,17.22
162,gizo,sb,31.8,34.94,69.08,52.0,0.0,1.12
163,ituango,co,7.17,-75.76,70.64,91.0,56.0,1.9
164,penzance,gb,50.12,-5.53,29.35,86.0,20.0,21.92
165,hermanus,za,-34.42,19.24,59.57,93.0,80.0,1.34
166,banjar,id,-7.37,108.54,66.77,94.0,0.0,2.24
167,bayburt,tr,40.26,40.22,33.29,75.0,44.0,3.58
168,ochakiv,ua,46.61,31.55,23.0,92.0,75.0,8.95
170,belogorsk,ru,45.06,34.59,45.8,90.0,64.0,1.57
171,balkanabat,tm,39.51,54.36,38.69,91.0,32.0,1.9
172,bambous virieux,mu,-20.34,57.76,80.6,88.0,40.0,13.87
173,vaitape,pf,-16.52,-151.75,82.88,98.0,64.0,13.98
174,pangnirtung,ca,66.15,-65.72,12.2,56.0,40.0,11.41
176,muros,es,42.77,-9.06,44.6,81.0,40.0,5.82
177,vostok,ru,46.45,135.83,8.72,54.0,56.0,9.62
178,katsuura,jp,33.93,134.5,56.3,100.0,75.0,3.36
179,rio gallegos,ar,-51.62,-69.22,60.8,36.0,40.0,33.33
180,chingola,zm,-12.55,27.86,68.75,75.0,36.0,5.7
181,shostka,ua,51.86,33.47,6.02,81.0,48.0,10.07
182,iskitim,ru,54.64,83.3,19.4,73.0,0.0,8.95
183,koslan,ru,63.46,48.9,-2.99,73.0,68.0,6.38
184,parana,br,-7.52,-72.89,82.4,69.0,75.0,3.47
185,atbasar,kz,51.81,68.36,27.71,89.0,24.0,13.87
186,leh,in,34.16,77.58,-11.09,66.0,56.0,1.68
187,sehithwa,bw,-20.47,22.7,71.99,75.0,36.0,3.58
188,yellowknife,ca,62.45,-114.38,17.6,67.0,20.0,13.87
189,vardo,no,39.62,-77.74,54.46,20.0,1.0,10.29
190,butaritari,ki,3.07,172.79,81.08,100.0,20.0,7.61
191,acapulco,mx,16.86,-99.88,82.4,69.0,75.0,6.93
193,nanortalik,gl,60.14,-45.24,34.37,88.0,36.0,43.84
194,talavera,pe,15.58,120.92,77.0,78.0,75.0,1.12
196,inzai,jp,35.8,140.18,47.5,87.0,75.0,2.24
197,kutum,sd,14.2,24.66,58.76,22.0,0.0,7.72
198,mahebourg,mu,-20.41,57.7,80.6,88.0,40.0,13.87
199,ponta do sol,cv,-20.63,-46,78.11,79.0,0.0,2.91
200,garowe,so,8.41,48.48,71.18,59.0,0.0,10.4
202,montepulciano,it,43.09,11.78,48.2,93.0,75.0,5.82
203,bandarbeyla,so,9.49,50.81,78.2,100.0,0.0,8.5
204,luanda,ao,-8.83,13.24,80.6,83.0,40.0,5.82
205,yarada,in,17.65,83.27,81.44,100.0,0.0,10.18
206,kangaatsiaq,gl,68.31,-53.46,17.9,96.0,0.0,7.16
207,komsomolskiy,ru,67.55,63.78,-11.63,74.0,44.0,11.18
208,rodrigues alves,br,-7.74,-72.65,82.4,69.0,75.0,3.47
209,dongsheng,cn,29.72,112.52,44.36,94.0,80.0,10.51
210,esperance,au,10.24,-61.45,87.8,48.0,20.0,14.99
211,salalah,om,17.01,54.1,77.0,78.0,40.0,2.24
212,san rafael,ar,-34.61,-68.33,78.38,8.0,0.0,1.34
214,grand gaube,mu,-20.01,57.66,80.6,88.0,40.0,13.87
215,saskylakh,ru,71.97,114.09,-26.75,41.0,8.0,15.66
216,bo rai,th,12.57,102.54,71.18,94.0,36.0,1.23
217,robertsport,lr,6.75,-11.37,80.09,98.0,48.0,9.51
218,usinsk,ru,66.0,57.56,-10.37,70.0,68.0,3.02
219,kaitangata,nz,-46.28,169.85,64.61,70.0,20.0,11.41
220,xocali,az,39.91,46.79,41.3,77.0,0.0,1.68
221,sistranda,no,63.73,8.83,37.4,93.0,75.0,32.21
223,hastings,us,-39.64,176.84,64.34,97.0,92.0,10.96
224,los llanos de aridane,es,28.66,-17.92,68.0,68.0,40.0,13.87
225,hirara,jp,24.8,125.28,71.72,100.0,92.0,10.07
226,coihaique,cl,-45.58,-72.07,54.41,58.0,75.0,12.75
227,lagoa,pt,37.14,-8.45,55.4,71.0,20.0,10.29
228,cidreira,br,-30.17,-50.22,83.24,75.0,12.0,8.39
230,loandjili,cg,-4.77,11.87,84.2,70.0,20.0,9.17
231,noyabrsk,ru,63.2,75.45,13.13,88.0,80.0,6.82
232,richards bay,za,-28.77,32.06,69.11,82.0,8.0,7.05
233,port alfred,za,-33.59,26.89,70.91,86.0,0.0,10.18
234,naze,jp,5.43,7.07,84.2,74.0,75.0,8.05
235,zhigalovo,ru,54.81,105.15,11.78,71.0,36.0,2.13
236,clearlake,us,38.96,-122.63,47.32,70.0,1.0,3.36
237,necochea,ar,-38.55,-58.74,60.02,94.0,92.0,14.32
238,tuatapere,nz,-46.13,167.69,64.34,84.0,76.0,19.46
239,nadvoitsy,ru,63.89,34.27,31.67,84.0,80.0,12.75
240,torbay,ca,47.66,-52.73,32.0,94.0,90.0,28.86
241,prokopyevsk,ru,53.89,86.74,8.0,59.0,0.0,2.68
242,yerbogachen,ru,61.28,108.01,22.04,90.0,92.0,7.83
243,north bend,us,43.41,-124.22,50.0,66.0,75.0,8.05
244,tura,ru,25.52,90.21,57.41,67.0,0.0,3.47
245,lata,sb,30.78,78.62,43.19,56.0,8.0,3.02
246,praia da vitoria,pt,38.73,-27.07,62.27,98.0,68.0,13.53
248,emba,kz,34.81,32.42,60.26,66.0,0.0,8.05
249,thai binh,vn,20.45,106.33,71.99,95.0,92.0,7.83
250,faanui,pf,-16.48,-151.75,82.43,100.0,76.0,14.76
251,quetta,pk,30.19,67.02,35.72,74.0,0.0,1.79
252,sibolga,id,1.74,98.78,68.48,100.0,20.0,1.9
254,bensonville,lr,6.45,-10.61,80.6,88.0,40.0,9.17
255,nongan,cn,44.43,125.17,26.6,45.0,0.0,8.95
256,christchurch,nz,-43.53,172.64,60.8,87.0,8.0,9.17
257,ballina,au,54.11,-9.15,32.0,81.0,75.0,11.41
258,riyadh,sa,24.63,46.72,69.8,14.0,0.0,4.7
259,cherskiy,ru,68.75,161.3,-10.73,55.0,32.0,9.4
260,vao,nc,59.1,26.19,26.72,86.0,0.0,13.42
261,saint george,bm,39.45,22.34,60.8,41.0,20.0,11.41
262,matamoros,mx,25.87,-97.51,86.0,58.0,90.0,8.05
263,ponta delgada,pt,37.73,-25.67,62.6,93.0,40.0,12.75
264,te anau,nz,-45.41,167.72,61.91,70.0,56.0,17.78
265,felipe carrillo puerto,mx,19.58,-88.05,92.87,40.0,0.0,8.72
266,aripuana,br,-9.17,-60.63,85.49,72.0,36.0,2.91
268,comodoro rivadavia,ar,-45.87,-67.48,68.0,30.0,0.0,33.33
269,athabasca,ca,54.72,-113.29,28.79,97.0,68.0,4.36
270,birur,in,13.62,75.97,64.61,96.0,20.0,1.12
271,nishihara,jp,35.74,139.53,49.78,81.0,75.0,3.36
272,basco,ph,40.33,-91.2,46.76,65.0,90.0,9.17
273,zavetnoye,ru,47.12,43.89,24.92,92.0,88.0,16.78
274,caravelas,br,-17.73,-39.27,82.34,100.0,0.0,12.86
275,baykit,ru,61.68,96.39,23.66,86.0,68.0,6.71
276,mabaruma,gy,8.2,-59.78,82.79,63.0,0.0,8.95
278,kavieng,pg,-2.57,150.8,82.25,100.0,88.0,13.98
279,ilulissat,gl,69.22,-51.1,23.0,79.0,20.0,4.7
280,beyneu,kz,45.32,55.19,37.52,92.0,8.0,8.5
281,victoria,sc,5.28,115.24,78.82,94.0,75.0,5.7
282,umea,se,63.83,20.26,33.8,80.0,0.0,6.93
283,san cristobal,ec,-0.39,-78.55,66.2,42.0,75.0,8.05
284,port blair,in,11.67,92.75,82.7,100.0,0.0,9.4
285,nhulunbuy,au,-12.18,136.78,75.2,94.0,75.0,5.82
286,kieta,pg,-6.22,155.63,74.06,100.0,92.0,3.69
287,road town,vg,18.42,-64.62,80.46,61.0,20.0,6.93
288,olinda,br,-2.03,-79.75,84.2,70.0,75.0,6.93
289,orange cove,us,36.62,-119.31,53.96,58.0,1.0,3.69
290,swan river,ca,52.11,-101.27,21.32,88.0,76.0,7.61
293,cayenne,gf,4.94,-52.33,80.6,83.0,80.0,5.82
295,sur,om,22.57,59.53,74.33,95.0,0.0,6.38
296,progreso,mx,-34.68,-56.22,66.2,93.0,90.0,17.22
297,kloulklubed,pw,7.04,134.26,80.6,74.0,90.0,5.82
298,deming,us,32.27,-107.76,56.53,34.0,75.0,27.51
299,eenhana,na,-17.48,16.34,70.28,89.0,88.0,6.38
301,saint-joseph,re,43.56,6.97,48.92,87.0,0.0,3.36
302,urubamba,pe,-13.31,-72.12,64.4,39.0,75.0,2.24
303,upernavik,gl,72.79,-56.15,5.39,93.0,32.0,20.24
304,yulara,au,-25.24,130.99,68.0,52.0,0.0,5.82
305,bethel,us,60.79,-161.76,28.4,92.0,90.0,10.29
306,iqaluit,ca,63.75,-68.52,17.6,72.0,75.0,2.24
308,vila velha,br,-3.71,-38.6,86.0,66.0,20.0,10.29
309,hovd,mn,63.83,10.7,36.41,93.0,75.0,35.57
310,torrington,us,42.06,-104.18,45.14,61.0,90.0,14.99
311,kunnamangalam,in,11.3,75.88,77.0,78.0,75.0,2.24
312,tarakan,id,3.3,117.63,80.18,100.0,12.0,3.91
313,prince rupert,ca,54.32,-130.32,44.6,81.0,90.0,4.7
314,fortuna,us,38.18,-1.13,57.2,44.0,20.0,11.41
315,dankov,ru,53.25,39.16,-10.55,53.0,0.0,3.91
316,tuktoyaktuk,ca,69.44,-133.03,-10.54,76.0,90.0,8.05
317,north platte,us,41.12,-100.77,44.6,70.0,90.0,16.11
318,alice springs,au,-23.7,133.88,69.8,56.0,12.0,6.93
319,payakumbuh,id,-0.23,100.63,70.19,99.0,68.0,1.45
322,sandnessjoen,no,66.02,12.63,32.67,92.0,75.0,3.36
323,maumere,id,-8.63,122.22,79.73,100.0,20.0,1.9
324,kavaratti,in,10.57,72.64,82.16,100.0,0.0,3.13
325,mareeba,au,-16.99,145.42,78.8,78.0,20.0,10.29
326,aracuai,br,-16.85,-42.07,82.79,52.0,68.0,5.7
327,faya,td,18.39,42.45,64.4,45.0,0.0,1.57
329,pangody,ru,65.85,74.49,-5.69,70.0,32.0,7.94
330,kiunga,pg,-6.12,141.3,72.44,99.0,92.0,2.35
331,lavrentiya,ru,65.58,-170.99,22.22,100.0,88.0,9.62
332,hambantota,lk,6.12,81.12,81.44,100.0,12.0,11.63
333,tigil,ru,57.8,158.67,10.34,86.0,68.0,3.02
335,buala,sb,-8.15,159.59,80.9,98.0,20.0,4.7
336,forio,it,40.73,13.86,53.06,71.0,40.0,8.05
337,jining,cn,35.41,116.58,42.56,96.0,92.0,6.6
338,vermilion,ca,53.35,-110.85,24.8,92.0,90.0,9.17
340,oranjemund,na,-28.55,16.43,62.09,94.0,92.0,16.22
341,beaverton,ca,45.49,-122.8,49.3,62.0,75.0,3.36
342,camacha,pt,33.08,-16.33,63.63,77.0,40.0,8.05
343,kirakira,sb,-10.46,161.92,79.1,100.0,88.0,8.72
344,guilin,cn,25.28,110.29,57.2,93.0,90.0,13.42
345,port lincoln,au,-34.72,135.86,65.42,91.0,88.0,15.66
346,havelock,us,34.88,-76.9,59.76,36.0,1.0,13.87
347,sijunjung,id,-0.69,100.95,69.29,96.0,44.0,1.68
348,kyaikkami,mm,16.08,97.57,67.94,91.0,0.0,2.01
349,cortez,us,37.35,-108.58,30.2,92.0,90.0,13.87
350,samarai,pg,-10.62,150.67,77.3,100.0,92.0,5.26
351,yuanping,cn,38.72,112.71,29.96,88.0,88.0,1.12
352,kahta,tr,37.78,38.62,57.2,54.0,0.0,4.7
353,kunstat,cz,49.51,16.52,20.88,62.0,0.0,14.99
354,virginia beach,us,36.85,-75.98,50.85,39.0,1.0,6.93
355,nouadhibou,mr,20.93,-17.03,66.2,72.0,0.0,21.92
356,sandovo,ru,58.46,36.41,21.5,85.0,76.0,10.85
357,safford,us,32.83,-109.71,57.2,41.0,1.0,25.28
358,laguna,br,27.52,-110.01,77.0,23.0,40.0,11.41
359,qorveh,ir,35.17,47.8,26.09,71.0,0.0,1.9
360,carmen,mx,7.2,124.8,74.69,81.0,80.0,2.68
361,ponta do sol,pt,-20.63,-46,78.11,79.0,0.0,2.91
362,mantamados,gr,39.31,26.33,60.28,72.0,40.0,11.41
363,puerto carreno,co,6.19,-67.49,98.6,35.0,40.0,4.7
364,bocas del toro,pa,9.33,-82.25,80.72,100.0,0.0,7.72
365,ciudad bolivar,ve,8.12,-63.55,94.94,26.0,0.0,15.1
366,kenai,us,60.55,-151.26,37.44,93.0,90.0,6.93
367,buzdyak,ru,54.57,54.53,7.46,82.0,56.0,16.78
368,gat,ly,14.69,-16.54,85.58,24.0,0.0,13.42
369,geraldton,au,49.72,-86.95,17.6,28.0,75.0,11.41
370,chuy,uy,-33.69,-53.46,72.8,100.0,76.0,21.7
371,yatou,cn,3.63,9.81,80.6,88.0,40.0,2.24
372,pavlodar,kz,52.28,76.96,23.0,92.0,0.0,11.18
373,morro bay,us,35.37,-120.85,54.99,50.0,1.0,5.82
374,porto novo,cv,-23.68,-45.44,86.0,58.0,20.0,8.05
376,pontes e lacerda,br,-15.23,-59.33,84.59,76.0,24.0,7.27
377,mount gambier,au,-37.83,140.78,62.99,82.0,92.0,10.63
378,svetlaya,ru,46.54,138.33,22.22,100.0,0.0,23.04
380,fulton,us,43.32,-76.42,30.02,57.0,90.0,3.36
381,ampanihy,mg,-24.69,44.75,76.94,67.0,0.0,10.85
382,kumo,ng,10.05,11.21,73.61,39.0,0.0,2.46
383,ikalamavony,mg,-21.17,46.6,62.36,98.0,92.0,2.68
384,mortka,ru,59.33,66.02,30.59,94.0,88.0,7.38
386,roald,no,62.58,6.12,34.3,93.0,75.0,24.16
387,opuwo,na,-18.06,13.84,67.58,82.0,80.0,2.46
388,bowral,au,-34.48,150.42,60.8,93.0,40.0,3.24
389,cockburn town,tc,21.46,-71.14,75.59,100.0,56.0,4.14
390,vievis,lt,54.77,24.82,26.6,53.0,0.0,3.36
392,hanyang,cn,32.14,105.51,49.49,70.0,88.0,5.37
393,tabat,sd,-2.64,115.23,74.96,95.0,64.0,1.45
394,buraydah,sa,26.33,43.97,71.6,28.0,0.0,9.17
395,sesvete,hr,45.83,16.11,31.03,97.0,90.0,11.41
396,zhangye,cn,38.94,100.46,26.81,70.0,0.0,3.69
397,moose factory,ca,51.26,-80.61,5.0,54.0,90.0,12.75
398,jinka,et,5.79,36.57,60.11,92.0,0.0,2.57
399,hasaki,jp,35.73,140.83,45.28,87.0,75.0,2.24
400,hastings,nz,-39.64,176.84,64.34,97.0,92.0,10.96
402,beringovskiy,ru,63.05,179.32,11.78,99.0,76.0,21.03
403,alugan,ph,12.22,125.48,77.75,100.0,92.0,4.03
404,san-pedro,ci,4.75,-6.64,79.64,84.0,0.0,10.74
405,tymovskoye,ru,50.85,142.66,10.61,77.0,68.0,10.74
406,nantucket,us,41.28,-70.1,30.58,22.0,1.0,18.34
407,bosaso,so,11.28,49.18,76.58,100.0,0.0,1.79
408,ust-kuyga,ru,70.0,135.55,-38.27,78.0,12.0,2.13
409,charters towers,au,-20.07,146.27,69.83,94.0,48.0,3.24
410,srivardhan,in,18.03,73.02,74.78,85.0,8.0,3.24
411,la tuque,ca,47.44,-72.79,16.28,50.0,24.0,7.61
412,talnakh,ru,69.49,88.39,-2.63,72.0,76.0,16.11
413,sabha,ly,27.03,14.43,56.96,18.0,0.0,5.7
414,sakhnovshchyna,ua,49.15,35.87,15.38,85.0,92.0,19.01
415,aksha,ru,50.28,113.29,15.74,77.0,0.0,2.57
416,umm lajj,sa,25.02,37.27,65.96,96.0,0.0,3.13
418,broken hill,au,-31.97,141.45,53.09,67.0,0.0,9.62
419,codrington,ag,-28.95,153.24,64.43,94.0,0.0,2.46
420,forbes,au,-33.38,148.01,52.64,72.0,0.0,2.91
421,pontianak,id,-0.02,109.34,77.12,100.0,48.0,2.46
422,xining,cn,36.62,101.77,24.47,96.0,44.0,2.68
423,saint-georges,gf,46.12,-70.67,15.56,51.0,64.0,9.73
424,kathu,th,-27.7,23.05,63.35,85.0,0.0,9.51
425,eufaula,us,31.89,-85.15,79.65,57.0,1.0,8.05
426,hit,iq,33.64,42.83,51.29,36.0,32.0,2.91
427,sokoto,ng,13.06,5.24,74.69,45.0,0.0,4.47
428,ulaangom,mn,49.98,92.07,5.48,88.0,0.0,2.35
429,chicama,pe,-7.84,-79.15,71.6,83.0,75.0,8.05
430,upata,ve,8.02,-62.41,90.71,28.0,0.0,9.62
431,sale,au,53.42,-2.32,32.38,76.0,90.0,12.75
432,langarud,ir,37.2,50.15,50.88,76.0,0.0,4.7
433,abadan,ir,30.36,48.26,66.9,42.0,0.0,4.7
434,dobryanka,ua,58.45,56.42,5.0,77.0,75.0,13.42
435,lasa,cn,34.92,32.53,60.17,66.0,0.0,8.05
436,tabuk,sa,17.41,121.44,64.34,97.0,56.0,1.68
438,batticaloa,lk,7.71,81.69,80.81,99.0,92.0,7.38
439,at-bashi,kg,41.17,75.81,9.08,75.0,0.0,2.68
440,gornopravdinsk,ru,60.06,69.92,32.66,87.0,92.0,12.97
441,lucapa,ao,-8.42,20.74,66.14,97.0,64.0,2.91
442,shieli,kz,44.18,66.74,34.19,89.0,8.0,0.22
443,molchanovo,ru,57.58,83.76,18.62,84.0,12.0,10.63
444,mombetsu,jp,44.35,143.35,35.81,80.0,24.0,16.22
445,bartlesville,us,36.75,-95.98,62.28,47.0,90.0,8.05
446,fort saint james,ca,54.43,-124.25,42.11,64.0,12.0,3.13
447,novyy urengoy,ru,66.08,76.63,-3.35,75.0,36.0,7.94
448,qasigiannguit,gl,68.82,-51.19,23.0,79.0,20.0,4.7
449,mandan,us,46.83,-100.89,32.04,100.0,75.0,5.82
450,sorland,no,67.67,12.69,32.0,100.0,75.0,29.97
452,yeppoon,au,-23.13,150.74,75.2,88.0,40.0,4.7
453,shenjiamen,cn,29.96,122.3,54.44,97.0,92.0,13.76
454,bucksport,us,33.66,-79.1,64.11,59.0,40.0,11.41
455,grande-synthe,fr,51.01,2.3,32.0,90.0,64.0,12.75
456,nuuk,gl,64.17,-51.74,48.2,39.0,5.0,13.87
457,mount isa,au,-20.73,139.49,71.6,78.0,0.0,2.24
458,westerland,de,52.89,4.93,31.64,94.0,0.0,24.16
459,massena,us,44.93,-74.89,25.43,29.0,1.0,9.17
460,touros,br,-5.2,-35.46,82.07,79.0,44.0,11.18
461,klamath falls,us,42.22,-121.78,39.2,60.0,40.0,6.93
463,cap malheureux,mu,-19.98,57.61,80.6,88.0,40.0,13.87
464,sao filipe,cv,14.9,-24.5,71.36,93.0,12.0,17.45
465,allapalli,in,19.43,80.06,71.18,82.0,8.0,2.46
466,broome,au,52.47,1.45,33.08,59.0,75.0,16.11
467,najran,sa,17.54,44.22,75.2,19.0,0.0,5.7
468,monticello,us,45.31,-93.79,41.0,60.0,90.0,4.59
469,fillmore,us,34.4,-118.91,58.73,44.0,1.0,13.87
470,nizhniy ingash,ru,56.2,96.53,11.87,68.0,0.0,2.57
471,plettenberg bay,za,-34.05,23.37,65.69,99.0,8.0,14.99
472,tautira,pf,-17.73,-149.15,84.2,70.0,75.0,4.7
473,westport,nz,53.8,-9.52,32.0,85.0,75.0,14.99
474,moyale,et,3.52,39.05,63.35,89.0,12.0,2.68
475,sindor,ru,62.87,51.9,-13.97,62.0,0.0,4.7
476,sitka,us,37.17,-99.65,56.69,70.0,92.0,12.64
477,koumac,nc,-20.56,164.28,78.56,92.0,8.0,4.47
478,tezu,in,27.93,96.16,47.33,71.0,0.0,1.79
479,udachnyy,ru,66.42,112.4,-5.33,80.0,80.0,5.93
480,tarnogskiy gorodok,ru,60.5,43.58,7.28,76.0,68.0,15.66
481,lakhimpur,in,27.24,94.1,54.98,94.0,0.0,3.58
482,goderich,sl,43.74,-81.71,36.98,68.0,0.0,13.65
485,fasa,ir,28.94,53.65,51.8,32.0,0.0,2.68
486,sarankhola,bd,22.31,89.79,68.84,93.0,0.0,1.12
487,berdigestyakh,ru,62.1,126.7,-11.54,56.0,12.0,7.05
488,valle hermoso,mx,25.67,-97.82,86.34,58.0,90.0,8.05
489,rapid valley,us,44.06,-103.15,32.31,86.0,75.0,27.51
490,mvuma,zw,-19.28,30.53,61.1,87.0,48.0,9.95
491,camocim,br,-2.9,-40.84,80.99,77.0,36.0,8.95
492,rabo de peixe,pt,37.8,-25.58,62.6,93.0,40.0,12.75
493,port macquarie,au,-31.43,152.91,66.2,93.0,0.0,2.24
494,shimoda,jp,34.7,138.93,51.8,87.0,75.0,4.7
495,winnemucca,us,40.97,-117.74,33.8,69.0,1.0,3.36
497,brokopondo,sr,5.06,-54.98,84.2,66.0,40.0,13.87
500,kaeo,nz,-35.1,173.78,67.58,92.0,92.0,13.2
501,tabas,ir,33.6,56.92,45.08,99.0,92.0,4.14
502,alofi,nu,-19.06,-169.92,82.4,74.0,40.0,4.7
504,causapscal,ca,48.35,-67.23,12.86,63.0,64.0,10.18
505,kristianstad,se,56.03,14.16,21.2,92.0,0.0,2.24
506,naryan-mar,ru,67.67,53.09,-13.79,63.0,48.0,2.8
507,agadez,ne,16.97,7.99,72.17,16.0,0.0,6.82
508,warangal,in,17.99,79.6,69.56,64.0,20.0,5.26
510,fairbanks,us,64.84,-147.72,24.21,79.0,90.0,3.36
511,rawson,ar,-43.3,-65.11,73.16,25.0,0.0,18.01
512,namatanai,pg,-3.66,152.44,80.81,100.0,44.0,14.43
513,deputatskiy,ru,69.3,139.9,-38.9,77.0,0.0,2.8
514,nivala,fi,63.93,24.96,25.55,72.0,0.0,8.16
515,ovalle,cl,-30.6,-71.2,68.84,79.0,0.0,3.8
516,ekhabi,ru,53.51,142.97,-3.35,76.0,0.0,13.2
517,mporokoso,zm,-9.37,30.12,63.62,94.0,32.0,2.24
519,biltine,td,14.53,20.93,69.74,23.0,0.0,7.72
520,guaruja,br,-23.99,-46.26,85.32,69.0,20.0,11.41
521,binzhou,cn,37.38,117.96,30.68,86.0,44.0,4.14
523,northam,au,51.04,-4.21,29.3,86.0,75.0,14.99
524,isiro,cd,2.77,27.62,74.06,79.0,36.0,3.91
525,lufilufi,ws,-13.87,-171.6,84.41,100.0,64.0,8.72
526,walvis bay,na,-22.95,14.51,64.4,72.0,8.0,3.36
527,cockburn town,bs,21.46,-71.14,75.59,100.0,56.0,4.14
528,pisco,pe,-13.71,-76.2,78.8,61.0,0.0,25.28
529,polunochnoye,ru,60.87,60.43,6.29,71.0,64.0,9.62
530,ambanja,mg,-13.68,48.45,69.74,100.0,92.0,2.35
531,gazojak,tm,41.19,61.4,42.29,90.0,8.0,6.93
532,pacific grove,us,36.62,-121.92,56.28,54.0,1.0,9.17
533,teya,ru,21.05,-89.07,100.4,24.0,20.0,9.17
534,rocky mount,us,35.94,-77.8,56.95,35.0,1.0,5.37
535,podor,sn,16.65,-14.96,79.82,18.0,0.0,10.18
536,lagos,ng,6.46,3.39,84.2,74.0,20.0,4.7
537,sorong,id,-0.86,131.25,81.08,100.0,32.0,13.42
538,tupik,ru,54.43,119.94,-1.82,65.0,0.0,2.35
540,izumo,jp,35.37,132.75,51.8,87.0,90.0,1.12
541,azanka,ru,58.04,64.79,33.29,93.0,88.0,10.4
542,letlhakane,bw,-21.42,25.59,68.48,67.0,0.0,11.18
544,mont-dore,nc,-22.23,166.53,75.2,78.0,20.0,6.15
545,cangzhou,cn,38.3,116.85,32.66,90.0,32.0,2.91
546,dryden,ca,49.79,-92.84,30.2,63.0,90.0,13.87
547,manta,ec,45.1,24.1,38.24,96.0,80.0,4.7
548,atherton,au,53.52,-2.49,32.38,76.0,90.0,12.75
549,sumenep,id,-7.02,113.87,80.81,100.0,56.0,3.8
550,high level,ca,58.52,-117.13,26.6,58.0,20.0,9.17
551,ati,td,13.21,18.34,73.79,16.0,0.0,7.61
552,tilichiki,ru,60.47,166.1,-0.02,74.0,36.0,3.36
553,klaksvik,fo,62.23,-6.59,39.2,69.0,68.0,12.75
554,freeport,us,26.54,-78.7,78.8,65.0,20.0,12.75
555,batemans bay,au,-35.71,150.18,61.46,99.0,0.0,2.13
556,haverhill,us,52.08,0.44,32.52,64.0,90.0,11.41
557,esso,ru,55.93,158.7,0.98,81.0,64.0,2.8
558,diamantino,br,-14.4,-56.44,87.29,64.0,12.0,3.13
559,ambon,id,47.55,-2.56,37.4,64.0,0.0,5.82
560,namie,jp,37.52,140.86,46.16,92.0,88.0,5.59
561,pangkalanbuun,id,-2.68,111.62,73.25,92.0,48.0,1.12
562,eyl,so,7.98,49.82,75.77,100.0,88.0,11.74
563,sisimiut,gl,66.94,-53.67,11.78,91.0,8.0,2.13
564,sinegorye,ru,62.09,150.53,-18.83,73.0,48.0,2.24
567,bowen,au,-20.01,148.25,69.8,100.0,32.0,5.82
568,smithers,ca,54.78,-127.17,37.4,69.0,40.0,3.36
569,taoudenni,ml,22.68,-3.98,63.71,21.0,0.0,5.48
570,dingle,ie,11.0,122.67,75.5,94.0,44.0,9.95
571,itarema,br,-2.92,-39.92,81.17,77.0,20.0,8.61
572,whitehorse,ca,60.72,-135.06,33.8,64.0,75.0,13.87
573,puro,ph,13.13,123.76,73.25,100.0,80.0,3.02
574,narsaq,gl,60.91,-46.05,46.4,33.0,76.0,43.62
575,normandin,ca,48.84,-72.53,14.0,43.0,20.0,16.11
576,ancud,cl,-41.87,-73.83,56.51,85.0,80.0,6.93
577,kingsport,us,36.55,-82.56,58.26,51.0,1.0,3.36
578,morozovsk,ru,48.35,41.83,17.99,91.0,92.0,14.2
579,baherden,tm,38.44,57.43,45.89,100.0,56.0,3.58
580,jaisalmer,in,26.91,70.91,69.74,44.0,24.0,3.58
581,sadri,in,25.19,73.45,69.2,40.0,12.0,2.01
582,blagoyevo,ru,63.37,47.92,-1.1,77.0,80.0,6.71
583,sai buri,th,6.7,101.62,76.49,92.0,68.0,3.69
585,navirai,br,-23.07,-54.19,91.52,59.0,48.0,5.14
586,safranbolu,tr,41.25,32.69,58.04,52.0,68.0,4.14
587,lorengau,pg,-2.02,147.27,81.62,100.0,12.0,8.61
589,ust-ordynskiy,ru,52.8,104.75,23.0,85.0,0.0,4.47
590,springbok,za,-29.67,17.88,55.79,44.0,0.0,4.14
591,sabang,id,13.72,123.58,77.57,98.0,80.0,7.38
592,trapani,it,38.02,12.54,53.58,87.0,75.0,16.11
593,barra,br,-11.09,-43.14,82.25,62.0,20.0,5.14
594,salinas,ec,36.67,-121.66,55.38,54.0,1.0,3.36
595,bryan,us,30.67,-96.37,77.47,73.0,90.0,9.17
596,kamaishi,jp,39.28,141.86,43.28,71.0,92.0,7.83
598,makakilo city,us,21.35,-158.09,74.88,94.0,90.0,12.75
599,fort nelson,ca,58.81,-122.69,33.8,59.0,75.0,3.36
600,barra do garcas,br,-15.89,-52.26,84.32,77.0,12.0,2.91
602,iwanai,jp,42.97,140.51,37.88,100.0,92.0,18.68
603,siocon,ph,11.03,124.04,80.18,100.0,32.0,8.28
604,bagh,in,33.98,73.78,44.45,57.0,92.0,2.01
605,chapais,ca,49.78,-74.86,10.4,55.0,90.0,13.87
606,sao gotardo,br,-19.31,-46.05,78.83,76.0,20.0,3.02
607,brownsville,us,25.91,-97.49,86.0,58.0,90.0,8.05
608,callaway,us,46.98,-95.91,36.7,100.0,90.0,4.25
609,gushikawa,jp,26.35,127.87,64.72,93.0,20.0,8.28
610,santa isabel do rio negro,br,-0.41,-65.02,91.97,51.0,8.0,8.16
611,neryungri,ru,56.66,124.71,-2.09,54.0,36.0,11.41
612,morris,ca,41.36,-88.42,52.02,37.0,1.0,4.7
613,manapparai,in,10.61,78.42,78.8,83.0,20.0,3.36
614,cantapoy,ph,9.49,125.44,77.66,100.0,56.0,7.49
615,zelenoborskiy,ru,66.84,32.36,20.24,64.0,0.0,9.51
617,shelburne,ca,44.08,-80.2,44.15,41.0,90.0,5.82
618,emerald,au,-23.53,148.16,71.72,88.0,8.0,2.8
619,cesvaine,lv,56.97,26.31,24.29,73.0,0.0,10.18
620,mogocha,ru,53.73,119.76,-1.73,65.0,0.0,2.35
621,ugu,in,6.55,6.44,85.4,60.0,24.0,11.41
622,praya,id,-8.71,116.27,73.4,100.0,92.0,2.35
623,ventspils,lv,57.39,21.56,32.0,93.0,0.0,16.11
624,port said,eg,25.34,30.55,68.3,16.0,0.0,7.38
625,jacksonville,us,30.33,-81.66,81.61,48.0,20.0,10.29
626,pacifica,us,37.61,-122.49,53.92,66.0,90.0,4.7
627,reshetnikovo,ru,56.45,36.57,16.46,81.0,24.0,14.2
628,huainan,cn,32.59,117.01,46.25,100.0,100.0,9.06
629,knysna,za,-34.04,23.05,62.6,93.0,0.0,8.05
630,uporovo,ru,56.31,66.27,34.91,97.0,92.0,23.94
631,sayyan,ye,15.17,44.32,56.24,31.0,24.0,3.47
632,bonavista,ca,48.65,-53.11,33.65,90.0,88.0,29.53
633,mozelos,pt,41.0,-8.56,51.8,71.0,40.0,3.36
634,provideniya,ru,64.42,-173.23,24.11,100.0,0.0,11.18
635,bubaque,gw,11.28,-15.83,86.0,48.0,0.0,9.17
637,daru,pg,7.99,-10.85,80.36,72.0,20.0,7.05
638,hami,cn,42.84,93.51,40.13,81.0,92.0,10.18
639,kungurtug,ru,50.6,97.53,0.17,60.0,0.0,2.57
641,sao joao da ponte,br,-15.93,-44.01,79.01,75.0,20.0,4.14
642,juneau,us,58.3,-134.42,36.66,93.0,75.0,4.7
643,ossora,ru,59.24,163.07,2.78,84.0,12.0,15.1
644,magdagachi,ru,53.45,125.8,4.58,43.0,0.0,6.6
645,labuhan,id,-2.54,115.51,72.8,96.0,68.0,2.24
646,selma,us,36.57,-119.61,55.4,54.0,75.0,8.05
647,temir,kz,49.14,57.13,37.16,95.0,92.0,19.8
648,urengoy,ru,65.96,78.37,-1.82,70.0,44.0,6.93
649,kilindoni,tz,-7.91,39.67,83.06,100.0,12.0,7.72
650,okahandja,na,-21.98,16.91,62.6,88.0,32.0,1.12
651,tagusao,ph,9.19,117.81,76.76,99.0,8.0,4.36
652,liverpool,ca,53.41,-2.98,32.9,69.0,75.0,13.87
653,san jeronimo,mx,-13.65,-73.37,53.6,66.0,75.0,8.05
654,suez,eg,29.97,32.54,54.26,76.0,0.0,3.91
655,thinadhoo,mv,0.53,72.93,85.49,97.0,88.0,8.16
657,guanambi,br,-14.22,-42.78,77.39,69.0,0.0,5.93
658,joshimath,in,30.57,79.57,-1.1,87.0,8.0,1.34
659,muroto,jp,33.37,134.14,56.24,100.0,80.0,5.93
660,cacoal,br,-11.43,-61.44,83.78,75.0,20.0,2.8
661,paramirim,br,-13.44,-42.24,74.51,78.0,48.0,2.8
662,takoradi,gh,4.89,-1.75,81.44,99.0,8.0,9.28
664,srednekolymsk,ru,67.46,153.71,-19.1,56.0,56.0,6.38
665,hamilton,bm,32.3,-64.78,60.8,87.0,90.0,19.46
666,yabrud,sy,33.97,36.66,59.0,24.0,0.0,4.7
668,bam,ir,29.11,58.36,48.23,75.0,88.0,1.12
669,abbeville,us,50.11,1.83,31.17,80.0,90.0,11.41
670,lodeynoye pole,ru,60.73,33.55,29.33,91.0,92.0,14.54
671,tazovskiy,ru,67.47,78.7,-1.82,70.0,8.0,15.55
672,pimentel,pe,-3.7,-45.5,85.31,70.0,56.0,5.48
673,mon,in,26.73,95.03,52.82,93.0,0.0,1.57
674,nakasongola,ug,1.32,32.46,65.42,99.0,80.0,5.7
675,adre,td,13.47,22.2,68.39,16.0,0.0,9.17
676,taltal,cl,-25.41,-70.49,69.56,57.0,0.0,4.36
677,oranjestad,aw,12.52,-70.03,86.0,70.0,20.0,25.28
678,wasilla,us,61.58,-149.44,35.62,93.0,90.0,5.82
679,mandalgovi,mn,45.76,106.27,27.44,77.0,92.0,2.46
680,griffith,au,-34.29,146.06,50.39,74.0,0.0,2.68
681,hof,no,50.32,11.92,24.8,62.0,90.0,11.41
682,bereznik,ru,62.86,42.71,19.07,81.0,88.0,10.4
683,surgana,in,20.56,73.64,75.5,53.0,64.0,5.26
684,djambala,cg,-2.55,14.76,67.58,100.0,92.0,7.38
686,nome,us,30.04,-94.42,82.33,54.0,40.0,10.29
687,bahia de caraquez,ec,-0.6,-80.42,82.4,74.0,40.0,9.17
689,huanta,pe,-12.94,-74.25,71.6,49.0,75.0,6.93
691,gamba,ga,28.28,88.52,-1.82,65.0,0.0,4.25
692,bondo,cd,3.81,23.69,71.72,100.0,76.0,1.9
693,jasper,ca,33.83,-87.28,69.82,49.0,92.0,2.24
694,snasa,no,64.25,12.38,37.4,69.0,75.0,12.75
695,dmitriyevka,ru,43.08,41,47.96,75.0,88.0,3.13
696,priargunsk,ru,50.37,119.09,3.14,62.0,8.0,2.91
697,ojinaga,mx,29.56,-104.41,79.19,14.0,0.0,11.74
699,conselheiro lafaiete,br,-20.66,-43.79,80.6,51.0,75.0,4.7
700,kulhudhuffushi,mv,6.62,73.07,83.69,100.0,56.0,5.59
701,pedernales,do,0.07,-80.05,82.25,73.0,32.0,7.16
702,meadow lake,ca,54.13,-108.44,21.2,67.0,90.0,10.29
703,korbach,de,51.28,8.87,27.82,49.0,0.0,12.75
705,mao,td,19.55,-71.08,85.06,45.0,20.0,6.93
706,auki,sb,12.18,6.51,72.44,47.0,0.0,0.34
707,sao joao da barra,br,-21.64,-41.05,84.2,62.0,0.0,11.41
709,lukuledi,tz,-10.57,38.8,69.92,92.0,0.0,2.46
710,kirkenaer,no,60.46,12.06,8.99,69.0,0.0,2.35
711,bitung,id,1.44,125.19,75.2,94.0,40.0,2.24
712,neiafu,to,-18.65,-173.98,80.6,78.0,20.0,2.24
713,ust-kut,ru,56.78,105.75,7.82,72.0,32.0,2.35
714,houston,ca,29.76,-95.37,80.6,69.0,90.0,4.7
715,partizansk,ru,43.13,133.13,20.69,66.0,0.0,7.38
716,sinzheim,de,48.76,8.17,32.0,90.0,90.0,14.99
717,arman,ru,59.7,150.17,1.4,49.0,44.0,11.18
718,haines junction,ca,60.75,-137.51,28.16,88.0,0.0,2.68
719,bandar-e anzali,ir,37.47,49.46,51.8,76.0,0.0,4.7
720,yenagoa,ng,4.92,6.26,79.91,78.0,8.0,6.93
721,yablochnyy,ru,47.17,142.07,32.0,79.0,75.0,8.95
722,soro,in,11.71,7.41,74.06,38.0,0.0,5.37
723,ayan,ru,40.67,33.6,50.03,54.0,56.0,6.49
724,alamor,ec,-4.02,-80.02,84.2,66.0,40.0,10.29
725,lauria,it,40.05,15.84,45.98,100.0,100.0,3.58
727,poya,nc,-21.35,165.16,76.31,100.0,12.0,14.65
728,shira,ru,54.49,89.96,8.72,62.0,0.0,1.9
729,stodolishche,ru,54.18,32.65,4.31,61.0,0.0,8.16
730,panacan,ph,7.15,125.66,70.64,95.0,56.0,3.13
731,portadown,gb,54.42,-6.44,34.74,59.0,75.0,19.46
732,beloha,mg,-25.17,45.06,76.31,75.0,0.0,14.43
733,fereydun kenar,ir,36.69,52.52,48.6,87.0,0.0,4.7
734,vila franca do campo,pt,37.72,-25.43,62.6,93.0,40.0,12.75
736,nampula,mz,-15.12,39.26,78.8,78.0,40.0,5.37
737,dakar,sn,14.69,-17.45,69.8,68.0,0.0,11.41
738,antanifotsy,mg,-19.66,47.32,58.22,96.0,92.0,7.61
739,san andres,co,13.32,122.68,79.46,100.0,20.0,13.42
740,praia,cv,-20.25,-43.81,84.06,45.0,40.0,6.93
741,orastioara de sus,ro,45.73,23.17,34.64,100.0,88.0,0.89
742,bilma,ne,18.69,12.92,67.04,20.0,0.0,3.91
743,hobyo,so,5.35,48.53,81.17,78.0,100.0,14.43
744,tosya,tr,41.02,34.04,48.95,67.0,36.0,5.48
745,bilibino,ru,68.06,166.44,-9.47,65.0,44.0,4.59
746,corralillo,cu,22.98,-80.59,85.94,57.0,44.0,6.6
747,manikling,ph,6.87,126.09,81.71,100.0,32.0,7.38
748,ajra,in,16.12,74.21,64.61,94.0,8.0,2.68
749,rorvik,no,64.86,11.24,37.4,59.0,75.0,17.22
750,barcelos,br,41.53,-8.62,51.8,71.0,40.0,3.36
751,teguldet,ru,57.31,88.17,18.44,89.0,0.0,5.37
752,cochrane,ca,-47.25,-72.57,54.35,46.0,0.0,7.16
753,tutoia,br,-2.76,-42.27,86.0,74.0,40.0,9.17
754,kununurra,au,-15.77,128.74,75.2,100.0,48.0,7.38
755,svobodnyy,ru,53.85,40.53,-6.5,59.0,0.0,3.8
757,reitz,za,-27.8,28.43,53.45,98.0,44.0,2.68
758,norton shores,us,43.17,-86.26,50.36,12.0,1.0,11.41
760,nhamunda,br,-2.19,-56.71,78.2,98.0,20.0,3.24
761,scalea,it,39.82,15.79,53.36,100.0,92.0,15.21
762,taywarah,af,33.35,64.42,38.06,95.0,92.0,4.59
763,chisinau,md,47.01,28.86,19.4,92.0,90.0,6.93
764,kidal,ml,18.44,1.41,73.25,18.0,8.0,9.17
765,hervey bay,au,-25.3,152.85,76.31,100.0,56.0,5.37
766,ocampo,mx,13.56,123.37,77.57,98.0,80.0,7.38
767,semey,kz,50.41,80.25,11.24,76.0,32.0,4.25
768,aguai,br,46.3,11.4,33.58,93.0,40.0,3.36
769,ayagoz,kz,47.96,80.43,9.35,59.0,24.0,3.13
771,adrar,dz,27.87,-0.29,75.2,26.0,0.0,11.41
772,puerto escondido,mx,15.86,-97.07,80.6,74.0,75.0,11.41
773,kanigoro,id,-8.13,112.22,78.56,100.0,36.0,4.47
774,hailar,cn,49.2,119.7,-3.17,47.0,0.0,4.03
775,brae,gb,60.4,-1.35,28.4,79.0,0.0,5.82
776,wanning,cn,48.64,13.53,26.6,68.0,90.0,10.29
777,djibo,bf,14.1,-1.63,79.91,32.0,24.0,7.72
778,bhadrachalam,in,17.67,80.89,67.94,82.0,20.0,2.68
779,contamana,pe,-7.35,-75.01,88.82,66.0,8.0,2.13
780,jasdan,in,22.04,71.2,71.99,43.0,20.0,8.72
782,tsaratanana,mg,-16.8,47.65,67.49,94.0,12.0,3.47
783,george town,ky,5.42,100.33,78.62,88.0,75.0,2.24
784,benguela,ao,-12.58,13.4,75.86,100.0,92.0,3.69
785,boyolangu,id,-8.09,111.9,67.49,92.0,32.0,3.02
787,ukiah,us,39.15,-123.21,50.0,61.0,1.0,3.36
788,canala,nc,-21.52,165.96,75.2,78.0,20.0,3.91
789,inhambane,mz,-23.87,35.38,77.57,92.0,12.0,12.75
790,rocha,uy,-34.48,-54.34,71.09,97.0,80.0,14.76
791,bagepalli,in,13.78,77.8,69.8,88.0,20.0,5.82
793,sobolevo,ru,54.43,31.9,8.81,71.0,0.0,10.18
794,young,au,-32.7,-57.63,63.89,84.0,48.0,22.48
795,honiara,sb,-9.43,159.96,73.4,94.0,75.0,1.45
796,saiha,in,22.49,92.98,59.84,87.0,0.0,2.01
797,wamba,cd,2.14,27.99,67.22,97.0,64.0,2.8
798,ulaanbaatar,mn,47.92,106.92,24.8,85.0,0.0,2.24
799,grindavik,is,63.84,-22.43,43.74,100.0,90.0,14.99
800,porto tolle,it,44.95,12.32,44.6,75.0,75.0,25.28
801,phan thiet,vn,10.93,108.1,75.68,100.0,20.0,8.72
802,coahuayana,mx,18.62,-100.35,90.17,16.0,0.0,3.24
803,leshukonskoye,ru,64.9,45.76,6.56,70.0,68.0,7.72
804,fare,pf,-16.7,-151.02,82.7,97.0,88.0,15.43
805,sao gabriel,br,-30.34,-54.32,79.91,86.0,8.0,17.45
807,poum,nc,41.28,20.71,48.2,61.0,40.0,5.82
808,samarkand,uz,39.65,66.98,51.8,66.0,56.0,2.24
809,tual,id,-5.67,132.75,84.32,99.0,36.0,6.71
811,santa rosalia,mx,38.07,13.27,53.01,87.0,75.0,16.11
812,viedma,ar,-40.81,-62.99,68.21,34.0,0.0,14.32
813,umm kaddadah,sd,13.6,26.69,63.8,19.0,0.0,4.59
814,luau,ao,-10.7,22.23,67.76,96.0,20.0,2.13
815,petrovskiy,ru,50.75,41.98,4.76,78.0,64.0,7.05
817,haverfordwest,gb,51.8,-4.97,32.0,100.0,88.0,12.75
818,siddapur,in,13.66,74.91,71.36,99.0,56.0,2.46
819,sao jose da coroa grande,br,-8.9,-35.15,79.1,85.0,20.0,8.72
820,channel-port aux basques,ca,47.57,-59.14,28.16,100.0,24.0,33.33
821,diffa,ne,13.32,12.61,72.44,18.0,0.0,7.38
822,gasa,bt,27.91,89.73,-18.83,30.0,0.0,2.46
823,qostanay,kz,53.17,63.58,32.0,97.0,0.0,22.37
824,nioro,ml,13.79,-15.05,81.71,40.0,0.0,5.26
825,ambilobe,mg,-13.19,49.05,72.98,99.0,92.0,5.14
826,lachute,ca,45.66,-74.34,18.41,31.0,20.0,12.75
827,fernie,ca,49.5,-115.06,37.54,59.0,90.0,2.13
828,olga,ru,34.11,-118.17,57.36,50.0,1.0,6.93
829,troitsko-pechorsk,ru,62.71,56.19,-9.83,68.0,0.0,2.57
830,redlands,us,34.06,-117.19,58.41,44.0,75.0,3.36
831,igarka,ru,67.47,86.57,1.52,70.0,56.0,11.18
832,san javier,bo,37.81,-0.83,56.39,54.0,0.0,4.7
833,calama,cl,-22.46,-68.93,73.4,25.0,0.0,23.04
834,gboko,ng,7.32,9,86.48,56.0,44.0,10.63
835,shache,cn,38.42,77.24,36.8,77.0,0.0,2.68
836,kargasok,ru,59.06,80.87,28.16,84.0,64.0,7.94
837,banda aceh,id,5.56,95.32,73.61,100.0,12.0,2.35
838,denpasar,id,-8.65,115.22,66.68,100.0,24.0,0.89
839,flin flon,ca,54.77,-101.88,14.0,43.0,90.0,6.93
840,yinchuan,cn,38.48,106.21,36.62,85.0,44.0,2.35
841,papetoai,pf,-17.5,-149.87,84.2,70.0,75.0,4.7
842,omsukchan,ru,62.53,155.8,-13.25,75.0,64.0,5.59
843,trairi,br,-3.28,-39.27,83.51,100.0,20.0,15.21
844,grand-lahou,ci,5.24,-5,79.19,82.0,24.0,8.28
845,copiapo,cl,-27.37,-70.33,68.0,60.0,0.0,8.05
846,tashara,ru,55.52,83.51,14.84,83.0,0.0,7.38
847,uri,in,40.64,8.49,51.8,66.0,0.0,12.75
848,karczew,pl,52.08,21.25,24.8,49.0,0.0,8.05
849,dafeng,cn,33.2,120.46,45.62,99.0,92.0,13.98
851,sangar,ru,63.92,127.47,-22.79,33.0,0.0,4.7
853,gusau,ng,12.17,6.66,72.44,47.0,0.0,0.34
854,turayf,sa,31.68,38.65,60.8,31.0,0.0,11.41
855,zeya,ru,53.74,127.27,1.88,38.0,0.0,7.61
856,madang,pg,-5.21,145.81,74.33,100.0,64.0,3.91
858,talcahuano,cl,-36.72,-73.12,66.2,52.0,0.0,18.34
859,porto seguro,br,-16.44,-39.06,82.4,74.0,20.0,11.41
860,gazimurskiy zavod,ru,51.55,118.33,2.51,62.0,44.0,2.57
861,wattegama,lk,7.35,80.68,71.54,96.0,64.0,2.68
862,kudahuvadhoo,mv,2.67,72.89,84.68,99.0,0.0,9.62
863,doha,qa,25.29,51.53,71.6,43.0,0.0,6.93
864,desesti,ro,47.77,23.85,19.52,79.0,92.0,2.68
865,tessalit,ml,20.2,1.01,67.31,20.0,20.0,9.17
866,aasiaat,gl,68.71,-52.87,25.91,82.0,0.0,6.38
867,villa san giovanni,it,45.52,9.23,43.68,100.0,75.0,2.24
868,buenos aires,cr,-34.61,-58.44,71.83,46.0,0.0,13.87
869,ures,mx,30.73,-112.95,67.22,43.0,0.0,11.97
870,guantanamo,cu,-16.14,-62.05,84.2,66.0,40.0,11.41
871,saint-jerome,ca,45.78,-74,18.14,31.0,20.0,12.75
872,lingao,cn,19.91,109.69,67.49,96.0,20.0,2.13
873,conceicao do araguaia,br,-8.26,-49.26,84.23,87.0,20.0,3.02
874,straumen,no,63.87,11.3,36.68,93.0,90.0,23.04
875,mecca,sa,21.43,39.83,86.0,42.0,0.0,2.68
876,mataram,id,-5.32,105.06,73.61,96.0,56.0,1.68
877,el tigre,ve,8.89,-64.25,93.41,29.0,24.0,15.21
878,arkhangelsk,ru,64.54,40.54,21.2,92.0,90.0,11.18
879,pandan,ph,11.72,122.09,80.99,100.0,24.0,18.01
880,chara,ru,39.42,22.43,59.0,47.0,20.0,11.41
881,devonport,au,-41.18,146.36,57.68,95.0,92.0,21.47
882,pervomayskoye,ru,57.07,86.23,12.41,80.0,0.0,7.38
883,waynesboro,us,35.32,-87.76,58.95,55.0,75.0,3.36
884,iquitos,pe,-3.75,-73.25,89.6,62.0,75.0,5.82
885,kiama,au,-34.67,150.86,60.8,93.0,40.0,5.93
886,poltava,ua,49.59,34.55,13.58,87.0,88.0,16.33
887,henties bay,na,-22.12,14.28,62.18,100.0,0.0,4.25
888,sovetskiy,ru,56.76,48.47,-3.62,76.0,0.0,9.62
889,andra,ru,62.52,65.89,8.45,79.0,64.0,5.7
890,magaria,ne,13.0,8.91,73.52,42.0,12.0,4.59
891,mitsamiouli,km,-11.38,43.28,80.6,88.0,75.0,7.27
892,abu samrah,qa,35.3,37.18,58.58,42.0,76.0,9.84
894,luganville,vu,-15.51,167.18,82.79,99.0,88.0,11.3
895,prince george,ca,53.92,-122.75,35.6,80.0,1.0,5.82
896,coos bay,us,43.37,-124.22,50.0,66.0,75.0,8.05
